"Dataset","Site","Date","Al","Alk","Br","Ca","CL","DIN","DO","DOC","Fe","K","Mg","Mn","Mn_diss","N_tot_Kj","Na","NO3","ORP","P_tot","pH","PO4_o","SC","SO4","SSC","TDP","Temp","TOC","Turb","Zn_diss"
"WQ","CON",2005-04-19,0.887,260,0.1,129,144,0.21,8.74,2.6,0.847,4.13,22.6,0.039,0.0062,0.34,73.2,0.95,356,0.16,8.04,0.38,1.11,112,31,0.12,14.2,4.2,13.9,0
"WQ","CON",2005-05-26,1.33,270,0.1,127,124,0.54,8.3,17,1.21,3.9,22.2,0.0582,0.0025,0.55,66.6,2.24,306,0.22,7.99,0.56,1.07,100,29.3,0.17,13.3,20,19.6,0
"WQ","CON",2005-06-21,1.04,240,0.11,111,120,0.19,7.35,3.5,0.914,4.25,18.4,0.0422,0.0045,0.37,61.4,1.42,342,0.27,7.05,0.69,0.96,80.4,39.8,0.2,16.99,3.7,13.5,0
"WQ","CON",2005-07-26,0.414,220,0.12,90,105,0.17,4.68,10,0.473,4.81,15.4,0.0418,0.0339,0.57,59.3,0.9,221,0.2,7.05,0.7,0.87,58,14.1,0.19,24.6,15,8,0
"WQ","CON",2005-08-16,0.226,230,0.12,94.6,118,0.12,5.22,18,0.236,4.67,16.5,0.0923,0.19,0.4,67.8,0.45,212,0.19,7.42,0.62,0.97,62.4,6.4,0.17,21.92,18,19.4,0
"WQ","CON",2005-09-22,0.697,200,0.07,80.4,120,0.15,7.31,10,0.625,4.45,13.4,0.0387,0.0189,0.34,68.1,0.46,245,0.24,7.71,0.74,0.89,56.3,14.8,0.23,18.93,14,13.3,12.6
"WQ","CON",2005-10-31,0.208,220,0.07,95.4,112,0.2,9.5,12,0.133,4.57,16.1,0.0153,0.0128,0.14,74.7,0.91,256,0.29,7.39,0.73,0.94,65.5,1.67,0.17,7.72,23,5.5,9.33
"WQ","CON",2006-02-09,0.073,250,0.06,123,120,0.7,15.87,4.5,0.086,2.45,20.5,0.0058,0.0026,0.19,70.4,3.09,267,0.13,8.08,0.32,1.07,86.4,1.67,0.09,0.78,12,3.3,8.41
"WQ","CON",2006-03-20,0.19,250,0.06,112,87.8,0.58,13.3,3.7,0.294,2.66,18.6,0.0165,0.0031,0.32,49.1,2.45,259,0.1,8.05,0.42,0.92,89,7.9,0.08,4.57,4.5,7.2,14.6
"WQ","CON",2006-05-09,0.549,250,0.1,112,111,0.41,7.4,10,0.628,3.08,21.5,0.0422,0.0091,0.38,57,1.75,278,0.25,7.87,0.48,0.97,97.7,22.1,0.18,14.04,17.2,18.7,14
"WQ","CON",2006-06-06,0.824,240,0.08,96.3,98.4,0.44,7.11,4.1,0.633,3.36,16.6,0.0698,0.0107,0.29,51.2,1.77,120,0.27,7.54,0.68,0.9,69,16.2,0.2,15.88,6.9,14,15.4
"WQ","CON",2006-07-10,0.755,250,0.19,100,93.6,0.22,5.63,9.9,0.623,3.9,17.5,0.0971,0.0442,0.32,64.9,1.34,196,0.19,7.36,0.67,0.91,48.6,6.6,0.18,19.1,13.8,11.5,14.5
"WQ","CON",2006-08-08,0.403,220,0.1,83.6,86.1,0.65,4.02,3.2,0.36,4.42,14.6,0.0669,0.0583,0.41,54.3,0.34,190,0.31,7.69,0.68,0.43,40.6,8.4,0.25,22.67,4.4,2.4,14.2
"WQ","CON",2006-09-05,0.585,190,0.15,80.3,99.3,0.23,5.71,10.3,0.453,4.42,13.8,0.0314,0.012,0.29,51.7,0.99,188,0.22,7.59,0.62,0.76,65.2,11.3,0.21,17.46,14.5,10.1,27.8
"WQ","CON",2006-10-16,0.23,220,0.06,89.8,95.5,0.16,7.3,8.7,0.164,4.29,16.1,0.0193,0.0107,0.21,51.8,0.83,466,0.24,7.2,0.57,0.85,63,0,0.22,9.9,10.6,6.6,44.6
"WQ","CON",2006-11-13,0.236,250,0.06,109,76.6,1.07,11.25,14.4,0.223,4.1,18.6,0.0103,0.0022,0.23,44.8,0.81,355,0.23,7.97,0.71,0.87,73.5,2.76,0.21,6.93,16,4.7,54.1
"WQ","CON",2006-12-05,0.131,270,0.05,111,72.5,0.72,15,14.3,0.179,3.19,18.4,0.0084,0.0021,0.36,35.9,3.02,340,0.2,8.02,0.48,0.86,87.1,2.21,0.17,0.38,16.2,16.5,63.7
"WQ","CON",2007-01-10,0.456,250,0.05,106,57,0.81,13.9,17.1,0.398,2.65,16.2,0.0157,0.003,0.36,29.4,3.71,317,0.17,8.2,0.51,0.77,69.6,12.1,0.12,1.96,21.8,12,57.6
"WQ","CON",2007-03-08,0.249,250,0.08,124,230,1.01,14.6,16.8,0.205,3.2,19.3,0.0089,0.0021,0.24,111,4.33,313,0.16,7.95,0.44,1.36,94.6,6.65,0.14,0.24,16.7,0,30.5
"WQ","CON",2007-04-10,0.101,280,0.08,126,152,0.18,14.02,17.5,0.063,2.33,21.7,0.005,0.0017,0.28,68,0.82,184,0.1,7.96,0.24,1.12,105,1.56,0.14,3.57,21.5,1.1,42.3
"WQ","CON",2007-05-09,0.843,280,0.09,135,136,0.48,7.91,18.8,0.606,3.24,24.2,0.0325,0.0066,0.29,70.9,2.07,197,0.19,8.7,0.49,1.15,105,17.62,0.13,15.35,23.8,16.5,42.1
"WQ","CON",2007-06-13,0.337,240,0.11,98.2,161,0.1,4.6,15.4,0.305,3.87,17.8,0.0601,0.0561,0.18,74.6,0.49,220,0.22,7.39,0.59,1.04,60.6,7.78,0.2,17.2,17.9,6.5,16.7
"WQ","CON",2007-07-18,0.398,200,0.08,79.3,138,0.18,-999999,15,0.348,4.18,13.9,0.0285,0.0099,0.43,74.5,0.84,-999999,0.23,-999999,0.63,-999999,40.9,5.86,0.22,-999999,11.4,-999999,11.3
"WQ","CON",2007-08-01,0.244,210,0.12,85.2,137,0.03,4.03,15.1,0.226,4.21,14.8,0.101,0.0807,0.55,74.9,0.24,326,0.22,7.59,0.59,0.94,46,3.15,0.21,20.65,7.7,5.3,14.7
"WQ","CON",2007-09-04,0.219,260,0.21,102,139,0,3.11,15.6,0.338,5.11,18.5,0.78,0.755,0.36,83,0.13,93,0.28,7.15,0.62,1.09,67.3,5.04,0.23,18.4,15.8,6.3,32.6
"WQ","CON",2007-11-05,0.173,210,0.078,112,147,0.63,7.75,10.5,0.147,5.12,18.4,0.0128,0.0088,0,79.5,2.44,-204,0.15,7.48,0.63,1.14,128,1.56,0.11,9.29,9,2.8,43.3
"WQ","CON",2008-02-11,0.24,220,0.056,112,159,1.95,13.84,4.2,0.189,2.71,17.1,0.0074,0.0014,0.18,83.8,8.09,171,0.16,8.72,0.44,0.96,79.2,4.68,0.14,-0.24,3.8,4.4,25.3
"WQ","CON",2008-03-25,0.264,200,0.034,86.4,94,0.82,14.15,3,0.281,2.12,13.5,0.0095,0.0014,0.25,52.7,3.44,-176,0.19,7.6,0.32,0.79,59.2,6.29,0.14,2.9,3.6,5.6,12.8
"WQ","CON",2008-04-16,0.113,240,0.047,108,110,0.11,12.56,3.4,0.064,2.28,18.4,0.0038,0.002,0.16,57.2,0.36,-129,0.09,7.78,0.2,0.95,81.6,-0.39,0.09,6.68,2.8,1.2,7.7
"WQ","CON",2008-06-09,0.665,240,0.059,106,82,0.59,6.91,3.6,0.946,5.01,17,0.0394,0.0034,0.41,55.7,2.61,-69,0.31,7.89,0.54,0.79,73.5,37.86,0.28,21.53,3.7,19.6,6.9
"WQ","CON",2008-07-30,0.543,210,0.073,74.3,90.9,0.15,6.63,-999999,0.61,4.11,12.1,0.0386,0.0143,0.28,57.8,0.78,181,0.26,7.26,0.62,0.8,43.8,6.66,0.22,20.47,-999999,9.4,10.5
"WQ","CON",2008-08-12,0.447,180,0.056,72.9,89.4,0.16,6.75,3.4,0.434,3.89,12,0.0336,0.0212,0.22,56.9,0.8,322,0.25,7.77,0.63,0.74,44.3,8.16,0.21,19.18,3.7,9.3,0
"WQ","CON",2008-09-17,0.55,200,-999999,77.7,-999999,0.22,6.97,3.3,0.75,4.34,13.4,0.0695,0.0405,0.35,69.8,-999999,-11,0.32,7.71,-999999,0.82,-999999,60.94,0.26,17.84,3.8,13.3,24
"WQ","CON",2008-10-15,0.285,190,0.087,81.7,138,0.05,4.49,3.6,0.363,4.94,14.5,0.15,0.113,0.14,81.5,0.25,374,0.29,6.48,0.72,0.95,69.9,20.11,0.29,15.9,3.7,8.4,6.8
"WQ","CON",2008-12-09,0.091,160,0.087,90.3,218,1.2,13.07,4,0.094,4.77,17.9,0.0068,0.0033,0.54,105,4.99,281,0.21,7.7,0.51,1.2,81,3.3,0.2,1.31,4.3,2.3,11.5
"WQ","CON",2009-01-26,0.056,190,0.11,97.7,265,0.88,15.42,3,0.068,3.91,20,0.0043,0.0017,0.21,143,4.2,-32,0.24,7.57,0.39,0.7,98.2,3.22,0.14,-0.08,3.2,-1.1,17.2
"WQ","CON",2009-02-24,0.101,190,0.1,107,404,-999999,14.76,3.2,0.118,3.79,19.5,0.0063,0.0011,0,218,3.06,195,0.12,-999999,0.31,1.83,91.7,1.96,0.3,-0.16,2.9,-0.1,19.7
"WQ","CON",2009-03-17,0.073,230,0.083,89.3,217,0.09,13.32,3.4,0.103,3.59,16.9,0.0056,0.0012,-999999,120,0.44,269,-999999,9.88,0.31,1.25,92.4,2.03,-999999,12.18,3.3,1.9,18.6
"WQ","CON",2009-04-27,0.635,230,0.061,92.8,130,0.45,10.29,3.7,0.656,3.01,16.6,18.9,0.004,0.59,64.2,1.97,309,0.17,8.1,0.46,0.89,80.7,13.87,0.15,17.74,3.4,10.1,18.4
"WQ","CON",2009-05-21,0.459,240,0.073,115,121,0.54,8.53,3,0.462,3.61,19.2,0.0232,0.0031,0.53,76.7,2.71,128,0.22,7.19,0.55,0.53,77.4,17.04,0.16,16.89,3.6,10.8,0
"WQ","CON",2009-06-09,0.553,230,0.092,94.6,124,0.46,5.36,5.3,0.544,4.16,17.3,0.0252,0.0039,0.56,79.9,1.62,155,0.24,7.95,0.66,1,63.1,16.31,0.19,19.14,5.2,9.2,19
"WQ","CON",2009-07-16,0.411,220,0,85,112,0.09,5.01,3.1,0.336,3.96,15.6,0.0301,0.014,0.41,61.9,0.43,182,0.25,7.71,0.46,0.91,54.4,10.65,0.21,19.67,3.4,5.3,19.5
"WQ","CON",2009-09-14,0.199,210,0,91,114,0.19,6.5,3.5,0.302,4.53,15.6,0.0259,0.0068,0.7,75.3,0.74,168,0.25,7.82,0.5,0.95,62.4,13.49,0.33,16.74,3.7,12.4,7.1
"WQ","CON",2009-10-06,0.37,220,0,91.2,93.7,0.22,8.19,4,0.546,4.34,15.6,0.0319,0.0036,0.62,67,0.96,50,0.25,9.05,0,0.89,62,21.05,0.21,12,4.3,12.9,0.01
"WQ","CON",2009-12-07,0.118,270,0,119,113,0.26,14.63,3.8,0.086,3.7,22,0.005,0.0014,-999999,58.1,0.95,82,0.15,8.22,0.39,1.14,82.2,-4.84,0.16,1.79,3.7,1.1,24.6
"WQ","CON",2010-02-01,0.109,270,0,127,198,0.74,15.7,2.6,0.08,2.9,21.8,0.0055,0.0022,0.57,97.3,3.09,68,0.08,8.16,0,1.51,96.1,0,0.07,0.14,2.5,0.1,33.7
"WQ","CON",2010-03-17,0.21,260,0,106,143,0.41,14.54,3.8,0.18,2.86,17.7,0.0135,0.0056,0.81,83.4,1.59,81,0.11,8.14,0,1.08,76.5,8.47,0.09,8.67,3.6,6.1,36.3
"WQ","CON",2010-04-01,0.143,290,0,114,127,0.14,11.99,3.3,0.115,2.53,20.3,0.0111,0.0048,0.66,69.5,0.6,21,0.14,8.12,0,1.03,82.5,12.54,0.09,9.48,3.1,4.1,33.5
"WQ","CON",2010-05-25,-999999,260,0,-999999,119,0.47,7.74,3.7,-999999,-999999,-999999,-999999,-999999,0.73,-999999,1.88,155,0.26,7.87,0.5,1.05,77.2,24.64,0.15,18.12,3.8,22.9,-999999
"WQ","CON",2010-07-06,0.39,260,-999999,103,-999999,0.32,6.08,63,0.32,4.5,17.3,0.0172,0.0042,0.63,60.3,-999999,278,0.28,7.73,-999999,1.04,-999999,10.51,0.2,21.14,63,7.9,0
"WQ","CON",2010-08-04,0.08,260,-999999,95.5,-999999,-999999,3.86,3.8,0.069,4.53,15.9,0.143,0.142,-999999,67.9,-999999,164,-999999,7.65,-999999,1.01,-999999,1.97,-999999,24.29,3.7,-3.4,0
"WQ","DRI",2005-04-19,0.835,290,0.11,126,53.9,0.41,10.02,7.7,0.859,4.65,22.4,0.0518,0.0088,0.77,33.4,1.9,302,0.15,8.07,0.42,0.85,41.9,16,0.12,13.69,13.3,14.9,0
"WQ","DRI",2005-05-26,0.421,300,0.11,125,82.7,0.87,6.62,18,0.488,5.24,22,0.0378,0.0154,1.85,49.5,3.99,272,1.01,7.84,2.76,0.77,93.7,6.1,1.04,13.24,22,15.2,0
"WQ","DRI",2005-06-21,0.585,300,0.13,125,41.6,0.39,5.99,3.6,0.604,4.56,21,0.106,0.0643,0.54,26,1.78,285,0.31,7.66,1,0.83,93,12,0.28,16.88,3.6,23.7,0
"WQ","DRI",2005-07-26,0.263,270,0.12,108,42.4,0.01,6.72,11,0.353,5.7,19.3,0.136,0.109,0.43,27.6,1.82,185,0.22,7.71,0.84,0.78,73.1,10.6,0.2,23.6,16,4,0
"WQ","DRI",2005-08-16,0.198,280,0.14,108,72.3,0.12,6.7,12,0.289,6.37,20.4,0.228,0.138,0.36,46.7,0.48,177,0.4,7.52,1.35,0.92,74.9,9.6,0.36,21.2,18,19.8,0
"WQ","DRI",2005-09-22,0.882,250,0.09,97.3,50.7,0.24,7.98,13,0.932,6.04,17.9,0.0729,0.0198,0.39,35.1,1.07,233,0.48,7.7,1.51,0.78,67.3,28.8,0.42,18.6,19,8.9,13.6
"WQ","DRI",2005-10-31,0.154,290,0.1,121,50.7,0.41,7.79,16,0.119,5.8,21.7,0.0349,0.0297,0.28,36.8,1.84,198,0.35,7.6,1.52,0.88,80.4,5,0.14,7.6,16,3.3,0
"WQ","DRI",2006-02-09,0.14,260,0.06,118,53,0.9,13.65,8.4,0.168,2.82,19.7,0.0272,0.0187,0.25,34,4.01,264,0.09,7.77,0.25,0.85,83.5,1.67,0.11,0.96,16,4.8,11.6
"WQ","DRI",2006-03-20,0.17,250,0,114,35.6,0.72,12.82,14.1,0.293,3.84,19.7,0.0216,0.0092,0.37,24,3.14,266,0.09,7.82,0,0.76,85.8,6.4,0.07,4.43,15.7,12,10.7
"WQ","DRI",2006-05-09,0.318,300,0.1,118,43.7,0.64,8.58,19.6,0.393,3.25,22.1,0.0453,0.0223,0.48,25.7,2.73,282,0.22,7.95,0.43,0.86,99.8,8.6,0.17,12.56,20,11.2,14.4
"WQ","DRI",2006-06-06,0.493,290,0.09,111,45,0.5,7.5,12.7,0.48,4.27,21,0.0651,0.0324,0.24,27.1,2.29,146,0.37,7.76,1.08,0.55,88.2,15.5,0.32,15.23,16.5,10.6,13.8
"WQ","DRI",2006-07-10,0.192,300,0.14,122,63.1,0.08,4.81,5.4,0.442,5.52,22.9,0.829,0.762,0.65,37.7,0.35,240,0.51,7.3,1.51,0.9,71.4,5.6,0.42,18.42,19.1,4,15
"WQ","DRI",2006-08-08,0.145,260,0.1,96.9,53.1,0.12,4.25,5.4,0.432,6.05,17.4,0.869,0.895,1.09,36.1,0.22,218,0.72,7.59,1.79,0.54,49.6,1.67,0.62,22.28,17.1,1.1,17.3
"WQ","DRI",2006-09-05,0.375,220,0.17,91.9,50.2,0.1,5.98,22.1,0.436,5.61,16.6,0.356,0.286,0.5,31.2,0.5,207,0.35,7.61,1.02,0.72,78.2,9.5,0.34,17.03,24.4,8.4,28.4
"WQ","DRI",2006-10-16,0.077,280,0.09,110,53.1,0.1,6.85,18.2,0.166,5.85,20.2,0.28,0.274,0.36,32.5,0.37,382,0.47,7.6,1.21,0.86,82.7,0,0.46,9.5,23.5,5.7,50
"WQ","DRI",2006-11-13,0.132,280,0.07,116,39.4,3.75,10.4,21.4,0.206,4.75,19.3,0.0498,0.041,0.41,21.4,2.28,348,0.34,7.96,0.65,0.8,75.4,2.78,0.25,7.06,27.3,3.7,66.3
"WQ","DRI",2006-12-05,0.137,280,0.06,117,34.6,0.96,13.8,25.3,0.184,3.81,19.6,0.0309,0.0297,0.43,18.5,4.1,343,0.2,8.06,0.46,0.8,76.3,0.75,0.2,1.38,32.1,17.4,64
"WQ","DRI",2007-01-10,0.558,260,0.05,108,27.2,1.24,13.53,29.9,0.552,3.85,17.4,0.0387,0.0214,0.42,14.8,5.58,344,0.25,7.97,0.59,0.7,71.8,15.91,0.16,2.77,28,11.8,52.4
"WQ","DRI",2007-03-08,0.101,260,0.09,113,71,1.51,13.84,13.4,0.11,4.6,18.8,0.0209,0.0115,0.59,49.5,6.36,281,0.16,7.84,0.52,0.95,90.3,1.19,0.17,1.37,23.8,0,24.6
"WQ","DRI",2007-04-10,0.348,290,0.09,121,58,0.58,13.86,27.1,0.315,3.06,21.7,0.0408,0.0288,0.33,28.7,2.62,125,0.12,8.18,0.3,0.86,101,7.18,0.11,4.92,30.2,9.7,37.4
"WQ","DRI",2007-05-09,0.794,310,0.1,128,48.7,0.67,8.72,28.1,0.604,3.58,23.2,0.0733,0.0469,0.29,27.5,3.01,272,0.22,8.8,0.56,0.88,99.2,14.88,0.14,14.34,28.5,13.6,34.4
"WQ","DRI",2007-06-13,0.254,280,0.11,113,68.5,0.19,5.64,21.2,0.408,5.13,21.7,0.468,0.304,0.52,38.7,0.85,216,0.46,7.56,1.15,0.88,79.3,7.78,0.32,17.16,20.8,4,17.2
"WQ","DRI",2007-07-18,0.115,230,0.07,84.8,46.7,0.07,-999999,16.3,0.225,5.16,15.3,0.346,0.3,0.3,29.3,0.43,-999999,0.43,-999999,1.31,-999999,49.1,2.4,0.45,-999999,13.8,-999999,10.4
"WQ","DRI",2007-08-01,0.062,260,0.1,93.5,56.1,0.04,4.31,9.6,0.286,5.7,17.3,0.915,0.59,0.46,34.4,0.3,262,0.64,7.48,1.57,0.77,50.4,3.53,0.42,20.13,18.6,4.8,13.3
"WQ","DRI",2007-09-04,0.076,300,0.13,159,101,0,2.5,26.3,0.022,9.9,26.3,2.79,2.87,0.7,54.7,0.14,99,0.44,7.19,0.8,1.26,206,2.42,0.3,18.89,32.4,7.4,50.9
"WQ","DRI",2007-11-05,0.055,290,0.12,133,66.7,0.37,6.75,13.8,0.107,7.07,22.6,0.152,0.168,0.43,40.3,1.62,-207,0.22,7.31,0.86,1.02,159,3.55,0.19,8.2,19.5,0.9,45.1
"WQ","DRI",2008-02-11,0.19,250,0.061,116,52.7,2.36,12.59,3.5,0.182,3.65,17.8,0.0106,0.0048,0.26,31.7,10,2,0.16,8.45,0.45,0.67,90,1.57,0.14,0.52,3.6,5.6,22.3
"WQ","DRI",2008-03-25,0.332,220,0.054,92.5,38.9,1.47,14.6,3.9,0.346,3.74,14.3,0.0136,0.0062,0.36,25.4,6.7,-190,0.17,7.77,0.18,0.68,65.9,4.76,0.15,3.77,4.1,7.6,16.4
"WQ","DRI",2008-04-16,0.113,270,0.068,109,41.3,0.62,13.15,3.4,0.087,3.48,18.7,0.0099,0.0079,0.29,25.4,2.58,-156,0.12,7.95,0.28,0.5,81.5,1.95,0.1,6.9,3.5,0.8,7.2
"WQ","DRI",2008-06-09,0.364,270,0.075,103,29.9,0.82,7,3.7,0.47,6.42,17.8,0.0398,0.0267,0.38,21.5,3.7,-50,0.26,7.62,0.63,0.74,72.7,11.93,0.22,20.36,3.7,12.2,8.9
"WQ","DRI",2008-07-30,0.217,240,0.081,85.2,36.2,0.1,5.73,-999999,0.348,5.95,13.9,0.432,0.412,0.47,24.5,0.52,208,0.36,6.73,0.96,0.67,54.1,3.25,0.34,18.04,-999999,6,8
"WQ","DRI",2008-08-12,0.169,220,0.069,85.3,35.4,0.09,6.23,4.1,0.253,5.82,14.6,0.488,0.491,0.42,24.7,0.52,331,0.36,7.33,0.91,0.65,51.8,1.74,0.32,17.9,4,3.5,0
"WQ","DRI",2008-09-17,1.78,270,-999999,98.7,-999999,0,2.5,6.3,3.42,7.07,16,2.17,2,1.28,25.7,-999999,-26,0.98,7.13,-999999,0.74,-999999,50.76,0.42,16.36,7.3,7,10.7
"WQ","DRI",2008-10-15,0.025,270,0.073,127,61.6,0,2.88,7,0.209,9.21,19.2,1.31,1.41,0.62,33.6,0,222,0.32,6.75,0.86,0.83,88.3,5.55,0.32,16.69,7.1,2.3,10
"WQ","DRI",2008-12-09,0.028,180,0.19,356,1480,0.24,10.61,3.5,0.024,13.4,63,0.0167,0.0163,0.14,56.2,1.14,13,0.19,7.63,0.44,1.3,88,1.3,0.16,5.71,4,8,4.9
"WQ","DRI",2009-01-26,0.06,250,0.12,122,165,1.22,15.31,3.4,0.102,4.8,21.7,0.0103,0.0049,0.27,92.5,5.78,-182,0.15,7.01,0.48,0.61,115,3.99,0.14,-0.08,3,-0.1,18.9
"WQ","DRI",2009-02-24,0.03,250,0.09,104,150,-999999,15.24,3.5,0.054,4.7,17.7,0.0044,0.0024,0.24,99.3,5.94,168,0.14,-999999,0.41,1.21,98.3,0.79,0.14,-0.06,3.3,0.6,17.5
"WQ","DRI",2009-03-17,0.402,300,0.085,104,85.7,0.45,11.32,3.8,0.477,4.57,18,0.041,0.0118,-999999,49.3,1.98,283,-999999,8.77,0.39,0.93,99.1,9.22,-999999,12.25,3.7,6.3,18.2
"WQ","DRI",2009-04-27,0.366,270,0.08,105,47.5,0.64,9.78,4.1,0.401,3.89,18.1,0.0363,0.0162,0.48,28.7,5.56,315,0.15,7.95,0.36,0.55,83.4,14.39,0.14,16.12,4.1,10,20.3
"WQ","DRI",2009-05-21,0.143,280,0.091,129,49.6,0.68,7.85,3.4,0.16,4.38,21.3,0.0376,0.0281,0.45,31.1,3.33,121,0.21,7.07,0.55,0.81,87.9,5.22,0.18,15.28,3.7,6.1,0
"WQ","DRI",2009-06-09,0.267,280,0.1,113,52.8,0.31,6.82,5.2,0.279,5.37,20.8,0.0727,0.0597,0.47,33.1,1.61,115,0.23,7.78,0.69,0.87,84.1,3.89,0.21,18,5.5,6.5,22.5
"WQ","DRI",2009-07-16,0.048,270,0,107,44.4,0.11,7.06,3.7,0.096,5.36,19.3,0.173,0.171,0.41,28.2,0.52,340,0.3,7.55,0.56,0.8,71,2.8,0.27,18.66,3.9,-4,22.8
"WQ","DRI",2009-09-14,0.061,250,0,112,51.4,0.1,6.8,4,0.108,6.8,19.6,0.0451,0.0416,0.53,34.4,0.58,182,0.27,7.73,0.56,0.85,83.2,3.56,0.23,15.87,3.8,6.6,7.1
"WQ","DRI",2009-10-06,0.068,290,0,118,47.2,0.33,7.47,3.9,0.113,6.11,20.7,0.0387,0.0336,0.5,30.8,1.52,53,0.27,9.12,0,0.86,77.7,2.42,0.36,11.77,4.1,2.4,8.7
"WQ","DRI",2009-12-07,0.105,300,0,126,55.5,0.49,13.72,4.3,0.074,4.62,23.3,0.0107,0.0084,-999999,29.5,1.91,95,0.17,7.74,0.4,0.99,82.9,-5.39,0.16,2.44,4.2,1.1,25.7
"WQ","DRI",2010-02-01,0.09,270,0,97.1,62.5,1.22,15.07,2.8,0.075,3.25,18.9,0.0086,0.0053,0.79,34.3,4.69,73,0.07,8.08,0,1,85.5,0,0.06,0.27,2.8,0.7,30.4
"WQ","DRI",2010-03-17,0.331,270,0,99.4,49.9,0.97,14.4,4.4,0.294,3.92,16.6,0.0214,0.0101,0.89,31.7,3.91,67,0.18,8.19,0,0.78,71.9,18.16,0.13,9.29,3.9,10.1,31.9
"WQ","DRI",2010-04-01,0.232,300,0,110,48.1,0.63,11.94,3.5,0.209,3.55,19.8,0.02,0.0094,0.69,29.7,2.52,6,0.14,7.97,0,0.79,78.9,17.43,0.12,9.55,3.5,7.3,32.2
"WQ","DRI",2010-05-25,-999999,290,0,-999999,49.4,0.71,7.79,4,-999999,-999999,-999999,-999999,-999999,0.55,-999999,2.95,151,0.19,7.91,0.51,0.57,78.2,14.85,0.15,17.06,3.8,14.9,-999999
"WQ","DRI",2010-07-06,0.119,300,-999999,108,-999999,0.43,7.03,71.5,0.138,5.65,19.9,0.0925,0.0834,0.53,26.9,-999999,274,0.33,7.78,-999999,0.89,-999999,14.82,0.23,20.2,71.7,4.3,0
"WQ","DRI",2010-08-04,0.151,310,-999999,103,-999999,-999999,2.75,4.5,0.343,5.95,17.4,0.97,0.92,-999999,29.4,-999999,312,-999999,8.24,-999999,0.84,-999999,3.88,-999999,22.6,4.6,-0.9,0
"WQ","PWR",2005-04-19,0,220,3.17,0,0.1,0.51,11.63,5.5,0.087,25.2,0,0,3.55,0.09,0,0.28,296,0,8.24,40.7,0.74,0,14,0.12,15.54,15.3,12.5,0.71
"WQ","PWR",2005-05-26,0,250,4.85,0,0.1,0.73,8.52,16,0.078,25.9,0.1,0,3.02,0.16,0,0.57,258,0,7.52,91.4,0.8,0,1.67,0.18,13.07,20,6.9,0.29
"WQ","PWR",2005-06-21,0,260,5.48,0,0.1,0.39,7,3.3,0.084,27.3,0.1,0,3.56,0.16,0,0.51,326,0,7,87.3,0.79,0,8.8,0.18,16.18,3.6,4.5,0.31
"WQ","PWR",2005-07-26,0,250,5.57,0,0.1,0.5,5.83,12,0.071,28,0.1,0,3.66,0.16,0,0.48,218,0,7.23,83.4,0.78,0,10.8,0.16,23.1,15,1.9,0.25
"WQ","PWR",2005-08-16,0,250,3.86,0,0.1,0.46,7.13,16,0.117,37.8,0.1,0,4.14,0.16,0,0.62,201,0,7.58,95,0.65,0,9,0.2,21.4,18,23.8,0.28
"WQ","PWR",2005-09-22,5.82,240,3.56,4.9,0.1,0.48,7.68,11,0.064,28,0,16.7,3.81,0.16,12.2,0.51,246,0,7.74,64.9,0.73,0,13.8,0.21,17.9,17,19.5,0.94
"WQ","PWR",2005-10-31,0,260,4.32,0,0.1,0.28,7.53,16,0.061,29.7,0.1,0,3.92,0.21,0,0.42,250,0.02,7.98,72.8,0.81,0.1,1.67,0.46,9.58,16,14.9,0.48
"WQ","PWR",2006-02-09,3.04,230,3.54,2.8,0.1,0.41,14.54,8.3,0.03,29.8,0,8.71,2.71,0.1,7.6,0.29,260,0,8.1,83.5,0.79,0,1.67,0.13,3.45,15,4.8,0.04
"WQ","PWR",2006-03-20,4.62,220,3.1,4.2,0.1,0.57,14.63,5.2,0.038,21.3,0,32.4,2.56,0.06,11.1,0.37,256,0,8.03,83.1,0.64,0,7.8,0.1,6.49,12.4,8.8,0.29
"WQ","PWR",2006-05-09,3.42,250,5.19,3.1,0.1,0.48,6.96,18,0.103,25.2,0,16.9,2.86,0.16,13.8,0.45,277,0,7.86,100,0.82,0,18.6,0.22,13.71,20.8,12.8,0.45
"WQ","PWR",2006-06-06,2.36,240,7.52,1.9,0.1,0.32,7.4,10.8,0.092,26.7,0.1,14.5,2.99,0.14,11.6,0.45,150,0,7.8,90.2,0.43,0,1.67,0.18,16.02,14.1,8.8,0.37
"WQ","PWR",2006-07-10,4.3,260,2.08,3,0.2,0.4,3.78,18.3,0.155,42.7,0.2,44.8,3.97,0.18,15.2,0.59,129,0,7.31,107,0.89,0.1,7.3,0.2,18.9,19.9,12.8,0.55
"WQ","PWR",2006-08-08,2.83,250,2.56,2.6,0.1,0.04,3.29,3.7,0.169,38.5,0.2,18.8,4.06,0.23,16.5,0.58,274,0,7.7,91.3,0.75,0,7.3,0.48,22.28,12.3,5.2,0.37
"WQ","PWR",2006-09-05,1.56,240,4.56,0,0.1,1.06,5.27,18.2,0.111,30.4,0.1,34.4,3.95,0.15,30.3,0.47,185,0,7.75,88.3,0.5,0,10.1,0.16,17.98,16.2,15.5,0.49
"WQ","PWR",2006-10-16,0,280,2.77,1.4,0.1,0.34,5.76,16.4,0.071,30.6,0.1,51.1,3.78,0.17,51.5,0.45,344,0,7.77,94.1,0.86,0,0,0.18,9.55,21.5,4.9,0.08
"WQ","PWR",2006-11-13,2.87,250,3.41,2.4,0.1,0.49,9.6,19,0.027,20.6,0,55.3,3.42,0.17,54.4,0.53,328,0,8.06,69.2,0.75,0,3.13,0.22,8.6,24.6,3.7,0.15
"WQ","PWR",2006-12-05,2.04,250,4.66,2,0.1,0.5,12.96,19.6,0.081,19.2,0,67.1,3.13,0.17,64.5,0.46,325,0,8.11,83.7,0.52,0,0,0.19,4.42,28.7,15,0.4
"WQ","PWR",2007-01-10,1.43,230,5.42,1.5,0.1,0.47,13.06,19.1,0.057,16.4,0,54.7,2.73,0.16,52.7,0.69,311,0,8.13,72.3,0.57,0,18.76,0.21,5.12,26.4,8.7,0.57
"WQ","PWR",2007-03-08,2.17,240,5.33,1.8,0.1,0.26,14.58,19.8,0.007,32.4,0,21.2,2.5,0.46,22.4,0.37,231,0,8.14,90.4,0.83,0,0,0.11,4.73,21.2,0,0.07
"WQ","PWR",2007-04-10,0,240,2.99,0,0.1,0.31,12.6,21.6,0.046,26.3,0,38.6,2.28,0.1,38.6,0.25,159,0,7.6,104,0.8,0,7.64,0.08,6.33,28,8.5,0.44
"WQ","PWR",2007-05-09,7.46,260,4.41,4.6,0.1,0.38,9.97,23.4,0.124,26.3,0,39.2,2.63,0.11,39.1,0.38,287,0,8.97,96.3,0.83,0.1,30.89,0.2,14.13,26.1,25.6,1.82
"WQ","PWR",2007-06-13,1.57,230,7.08,1.9,0.1,0.29,7.63,15.9,0.007,33.3,0,18.7,2.9,0.07,14.7,0.15,203,0,7.95,118,0.87,0,1.94,0.08,15.95,18.4,1.4,0.09
"WQ","PWR",2007-07-18,2.11,230,7.5,2.3,0.1,0.21,-999999,11.8,0.004,37.2,0,7.67,3.45,0,6.4,0.18,-999999,0,-999999,112,-999999,0.1,-1.53,0.08,-999999,10.6,-999999,0.04
"WQ","PWR",2007-08-01,2.88,220,6.42,3,0.1,0.32,7.77,17.8,0.004,34.7,0,15.3,3.54,0.07,14.7,0.18,278,0,7.6,112,0.87,0,0.88,0.09,18.76,12.9,-0.4,0
"WQ","PWR",2007-09-04,5.46,250,9.84,5,0.2,0.19,8.01,7.9,0.009,40.5,0,38.7,4.04,0.08,39.2,0.24,158,0,7.55,145,0.99,0,-0.4,0.08,18.24,16.4,0,0
"WQ","PWR",2007-11-05,5.45,230,11.2,5.1,0.1,0.19,8.69,15.6,0.002,32.7,0,53.3,3.86,0,42.5,0.21,-193,0,7.46,197,1.01,0,2.74,0,11.91,15.7,3.7,0
"WQ","PWR",2008-02-11,4.86,220,10.6,3.8,0.1,0.4,12.04,4.8,0.009,28.9,0,26.5,2.67,0.21,25.6,0.36,207,0.04,8.55,94.4,0.59,0,-0.79,0.12,3.1,4.3,3.1,0.16
"WQ","PWR",2008-03-25,3.3,180,6.76,2.6,0,0.29,12.97,3.4,0.019,18.4,0,12.9,1.84,0.13,9.9,0.27,-199,0,8.09,62.8,0.41,0,8.19,0.15,5.89,5.7,11,0.75
"WQ","PWR",2008-04-16,2.81,230,5,1.8,0.1,0.3,11.5,3.3,0.02,21.9,0,11.5,2.12,0.14,7.7,0.25,-154,0.04,7.99,83.1,-999999,0,6.39,0.11,8.82,3.4,6.4,0.43
"WQ","PWR",2008-06-09,3.1,230,7.74,2,0.1,0.32,8.5,3.3,0.023,24.3,0,8.7,3.78,2.44,6.6,0.37,-80,0.02,7.84,72.3,0.6,0,9.05,0.17,18.13,3.3,13.2,0.45
"WQ","PWR",2008-07-30,3.19,220,7.68,5,0.1,0.21,6.07,-999999,0.003,31.6,0,6.92,3.05,0.07,9.4,0.18,168,0,7.12,89.6,0.77,0,-0.8,0.07,18.53,-999999,1.5,0
"WQ","PWR",2008-08-12,3.18,210,7.24,3.5,0.1,0.27,7.9,2.1,0.004,30.5,0,0,3.08,0.07,0,0.18,337,0,7.57,93.2,0.75,0.1,0,0.08,18.01,2.1,-0.4,0.03
"WQ","PWR",2008-09-17,2.03,230,-999999,2,-999999,0.26,8.29,2.4,0.013,41,0,13.2,3.36,0.08,11.8,-999999,-7,0,7.64,-999999,0.9,0,12.75,0.28,16.85,1.9,0.4,0
"WQ","PWR",2008-10-15,3.28,240,7.36,3,0.1,0.24,6.6,2.2,0.027,45.1,0,9.56,3.69,0.06,11,0.21,28,0,6.62,118,0.9,0,5.14,0.07,16.53,2.7,1.2,0.04
"WQ","PWR",2008-12-09,6.01,210,7.38,5.8,0,0.24,12.22,4.6,0.006,-999999,0,19.8,6.87,0.09,20.5,0.21,232,0.06,7.81,144,2.45,0.1,3.4,0.09,8,5.8,88.2,0
"WQ","PWR",2009-01-26,0.005,210,9.5,5.6,0.1,0.39,12.7,3.6,0.006,-999999,0,22,3.6,0.1,20.5,0.27,-44,0,7.57,108,1.21,0,5.53,0.11,2.11,3.6,0.2,0
"WQ","PWR",2009-02-24,3.27,210,8.08,1.7,0.1,0.28,13.99,3.7,0.007,45.3,0,23.5,2.83,0.1,22.7,0.27,176,0.03,-999999,88.2,0.89,0,1.6,0.08,2.58,3.1,-0.2,0.03
"WQ","PWR",2009-03-17,1.71,240,5.27,1.9,0.1,-999999,11.29,4.9,0.011,33.6,0,16.6,3.11,-999999,21.7,0.27,348,0.03,7.32,97.5,0.84,-999999,6.45,-999999,8.59,4.8,5.2,0.19
"WQ","PWR",2009-04-27,4.6,220,5.18,4.4,0.1,0.72,10.15,5,0.058,29.5,0,18,2.94,0.12,19.7,0.36,322,0,7.67,88.1,0.54,0.1,17.87,0.16,13.77,4.4,17.8,0.84
"WQ","PWR",2009-05-21,3.52,240,5.21,3.3,0.1,0.48,7.69,3.6,0.037,32.6,0,0,3.21,0.15,0,0.43,155,0,6.5,88.4,0.84,0,2.15,0.16,17.58,4,5.2,0.15
"WQ","PWR",2009-06-09,4.4,220,6.32,3,0.1,0.48,8.72,6.3,0.019,34.2,0,21.5,3.5,0.11,19.4,0.35,158,0.06,7.93,87.8,0.53,0,10.23,0.14,16.32,5,7.2,0.27
"WQ","PWR",2009-07-16,4.6,240,5.01,1.7,0,0.4,-999999,4.8,0.132,34.5,0.1,27.3,3.04,0.08,24,0,-999999,0,-999999,106,-999999,0,39.94,0.11,-999999,2,-999999,0.39
"WQ","PWR",2009-09-14,5.76,230,3.84,5.6,0,0.58,5.61,2.8,0.036,34.1,0,8.76,3.32,0.13,7.7,0,188,0,7.67,88.1,0.84,0,18.62,0.18,16.74,2.9,193.8,0.29
"WQ","REF_7",2005-06-21,0.921,240,0.13,136,206,0.31,9.01,3,0.658,3.12,23.4,0.0485,0.0293,0.2,65.5,0.55,301,0.18,7.55,0.46,1.16,69.7,26.8,0.15,16.05,3,21.2,0
"WQ","REF_7",2005-07-26,0.813,240,0.16,112,141,0.18,7.01,8.8,0.648,3.37,19.6,0.0614,0.0373,0.44,55,0.51,233,0.17,7.52,0.52,1,41.1,15.6,0.15,23.3,14,22.2,0
"WQ","REF_7",2005-08-16,0.135,290,0.22,132,171,0.06,5.21,9.9,0.172,7.73,23.8,1.71,1.67,2.02,74.7,0.19,188,0.2,7.67,0.54,1.25,52.7,1.67,0.19,20.9,19,23.4,0
"WQ","REF_7",2005-09-22,2.28,220,0.08,89.5,66.8,0.17,9.22,8.4,1.75,2.47,15.2,0.273,0.3,0.55,28.9,0.62,231,0.23,7.67,0.41,0.92,40.5,31.3,0.13,18.1,18,8.6,13
"WQ","REF_7",2005-10-31,0.126,230,0.07,105,108,0.01,8.83,13,0.075,2.95,17.6,0.0104,0.0088,0.14,51.1,0.06,230,0.14,7.56,0.52,0.73,52.3,8.6,0.14,8.53,14,4.5,0
"WQ","REF_7",2006-02-09,0.108,200,0.05,122,174,0.3,13.86,6.6,0.096,1.62,21.4,0.007,0.0022,0.17,70.8,1.28,299,0.15,7.52,0.24,1.14,68,1.67,0.07,0.19,13,3.9,12.2
"WQ","REF_7",2006-03-20,0.433,200,0.05,114,134,0.36,13.04,9.6,0.556,1.78,20.6,0.023,0.0023,0.27,49.7,1.53,271,0.1,7.61,0.31,0.97,68.4,12.9,0.06,4.07,10.7,15.4,13.4
"WQ","REF_7",2006-05-09,0.255,220,0.08,143,209,0.22,8.21,17.4,0.276,2.24,26.7,0.0283,0.0162,0.25,68.4,0.95,286,0.18,7.81,0.34,1.32,87.9,9.3,0.16,12.67,19.4,14,15.4
"WQ","REF_7",2006-06-06,0.794,240,0.09,124,204,0.14,8.87,9.4,0.591,2.56,22.3,0.0477,0.0281,0.2,65,0.68,135,0.17,7.68,0.42,1.13,65.6,15.2,0.13,14.77,10.9,14.5,13.4
"WQ","REF_7",2006-07-10,0.517,300,0.41,167,280,0.28,6.3,5.1,0.419,4.04,32.3,0.219,0.232,0.46,119,1.21,209,0.23,7.63,0.48,1.52,55.1,11.8,0.16,18.18,5.2,17,17.3
"WQ","REF_7",2006-08-08,0.268,270,0.42,114,149,0.01,4.57,8.7,0.251,3.72,19.7,0.478,0.681,1.22,66.9,0.62,239,0.26,7.93,0.63,1.09,30.5,5,0.26,21.8,18.1,4.2,19.9
"WQ","REF_7",2006-09-05,0.226,210,0.05,99.1,112,0.06,7.84,19.8,0.174,3.05,16.8,0.0211,0.0146,0.49,48.4,0.28,188,0.12,7.74,0.39,0.87,62.5,0,0.13,17.13,19.5,5.3,28.9
"WQ","REF_7",2006-10-16,0.372,220,0.05,96.1,121,0.03,10.14,11.1,0.23,2.93,16.5,0.0193,0.0131,0.28,44.5,0.12,336,0.17,7.85,0.43,0.87,50.8,6.1,0.17,9.84,13.7,7.3,51.5
"WQ","REF_7",2006-11-13,0.445,220,0.19,102,120,0.47,11.2,15.5,0.475,2.74,17.6,0.0251,0.0037,0.14,43.1,0.09,350,0.16,7.94,0.39,0.88,54.7,9.07,0.17,7.2,17.6,5.9,62
"WQ","REF_7",2006-12-05,0.205,210,0.16,108,124,0.35,-999999,15.4,0.213,2.14,18.5,0.01,0.003,0.27,41.9,1.52,344,0.14,8.05,0.38,0.62,60.4,2.58,0.12,0.81,17.1,19.5,60
"WQ","REF_7",2007-01-10,0.478,200,0.04,98.2,100,0.46,14.1,16.3,0.423,1.62,15.8,0.0166,0.0027,0.15,33.6,2.13,365,0.11,7.82,0.35,0.79,56.1,18.79,0.09,2.04,16.9,11.5,51
"WQ","REF_7",2007-03-08,0.122,200,0.06,120,192,0.58,14.67,17.4,0.098,1.81,19.9,0.0046,8e-04,0,69.6,2.5,308,0.12,7.85,0.32,1.16,75.3,0,0.11,0.29,18,0,29.3
"WQ","REF_7",2007-04-10,0.145,240,0.07,129,195,0.15,13.29,22.1,0.105,1.57,23.5,0.0072,0.0031,0,58.2,0.72,184,0.1,7.93,0.26,1.15,87.4,2.78,0.09,4.54,23,8,42.4
"WQ","REF_7",2007-05-09,0.724,250,0.09,166,229,0.26,9.32,24.5,0.493,2.3,30.1,0.0282,0.0128,0,73.2,1.11,277,0.15,8.76,0.36,1.37,95.1,42.25,0.12,14.37,25.2,13,49.7
"WQ","REF_7",2007-06-13,0.907,280,0.19,161,279,0.09,7.5,20.4,0.781,3.42,30.8,0.231,0.201,0.44,98.7,0.45,211,0.2,7.64,0.43,1.54,73.8,21.32,0.14,16.43,21.2,15,15.6
"WQ","REF_7",2007-07-18,0.201,260,0.13,122,175,0.04,-999999,18.8,0.198,3.31,22.4,0.0403,0.0196,0,70,0.27,-999999,0.15,-999999,0.36,-999999,46.3,-2.12,0.14,-999999,15.3,-999999,13.7
"WQ","REF_7",2007-08-01,0.157,280,0.16,131,232,0.18,6.1,10.9,0.123,3.71,23.8,0.179,0.2,0.37,92.8,0.8,255,0.22,7.87,0.52,1.35,45,10.85,0.2,19.53,17.2,28.7,16
"WQ","REF_7",2007-11-05,0.129,190,0.018,105,119,0.09,9.32,15.2,0.13,2.74,18.2,7.61,0.0015,0,48.6,0.33,-181,0.07,7.33,0.4,0.95,108,14.09,0,9.27,16.2,0.8,40.4
"WQ","REF_7",2008-02-11,0.139,160,0.041,94.9,161,2.47,12.51,3.9,0.108,1.94,15.4,0.0031,0.0011,0.4,68.2,10.7,171,0.12,8.62,0.35,0.87,55.7,2.37,0.12,-0.02,3.3,2.9,22.9
"WQ","REF_7",2008-03-25,0.37,150,0,72,96.8,0.52,14.3,3.1,0.36,1.38,11.4,0.0095,5e-04,0.15,41.6,2.43,-190,0.16,7.71,0.28,0.68,38.2,3.81,0.12,3.63,3.4,8.6,10.9
"WQ","REF_7",2008-04-16,0.154,200,0.048,116,163,0.04,13.04,2.8,0.118,1.58,19.2,0.0046,0.0011,0,55.1,0.13,-154,0.1,7.98,0.21,0.69,67.9,3.94,0.1,7.42,2.5,4.4,6
"WQ","REF_7",2008-06-09,0.81,220,0.063,110,151,0.23,7.91,3.4,1.01,3.11,18.3,0.0549,0.0166,0.14,59.5,1.07,-42,0.27,7.39,0.37,0.93,60,65.38,0.16,20.25,3.4,14.2,127
"WQ","REF_7",2008-07-30,0.368,280,0.14,117,175,0.04,6.75,-999999,0.379,3.25,19.8,0.105,0.0893,0.27,77.6,0.27,192,0.18,7.11,0.46,1.15,41.7,1.22,0.16,19.04,-999999,31.4,10.4
"WQ","REF_7",2008-08-12,0.215,270,0.14,132,213,0.06,6.76,3.6,0.219,3.34,22.9,0.0689,0.0574,0.25,94.3,0.4,315,0.18,7.54,0.39,0.84,47.1,3.94,0.14,17.46,4,3.7,0
"WQ","REF_7",2008-10-15,0.139,220,0.062,142,182,1.16,7.6,4.8,0.192,3.21,23.2,0.122,0.104,0.34,98.8,4.91,296,0.21,6.79,0.57,1.26,130,9.93,0.19,15.73,5.4,5,10.8
"WQ","REF_7",2008-12-09,0.405,190,0.045,118,202,0,11.49,3.7,0.581,2.56,20.4,0.0332,0.0041,0.27,73.7,0.09,136,0.2,7.33,0.37,1.15,72.7,20.1,0.14,4.23,5,-1.4,0
"WQ","REF_7",2009-01-26,0.064,160,0.066,111,233,0.6,16.31,2.5,0.085,2.55,20,0.0052,0.0017,0.16,88.7,2.91,-177,0.11,7.27,0.31,0.61,72.1,1.22,0.1,-0.08,2.2,0.8,22.5
"WQ","REF_7",2009-02-24,0.099,150,0.069,114,338,-999999,15.12,2.5,0.12,2.43,19.3,0.0063,0.0012,0,147,3.12,166,0.1,-999999,0.28,1.54,65.4,7.09,0.09,-0.05,2.8,2.4,21.7
"WQ","REF_7",2009-03-17,0.161,220,0.86,117,0.1,0.19,10.9,3.6,0.197,2.77,19.4,0.0091,0.0011,-999999,131,0.34,277,-999999,8.67,69.4,1.46,-999999,7.18,-999999,8.88,2.7,7.7,19.5
"WQ","REF_7",2009-04-27,0.518,200,0.07,114,225,0.08,9.99,3.5,0.488,2.33,19.4,0.0234,0.0051,0.56,90.9,0.37,326,0.12,7.89,0.33,1.22,62.9,18.47,0.11,16.31,3,12.5,23.3
"WQ","REF_7",2009-05-21,0.514,210,0.071,135,242,0.15,8.93,2.6,0.451,2.49,22.8,0.0192,0.006,0.47,103,0.8,125,0.17,7.33,0.36,1.34,63.2,12.15,0.12,15.3,3.2,12.6,10.8
"WQ","REF_7",2009-06-09,0.422,240,0.13,137,262,0.06,8.16,6.2,0.364,3.13,24.7,0.085,0.0713,0.56,112,0.28,165,0.16,7.72,0.42,1.45,52.8,12.82,0.13,17.3,4.3,8.9,24.7
"WQ","REF_7",2009-07-16,0.156,300,0.26,161,347,0.08,5.05,4.3,0.172,3.56,29.1,0.2,0.189,0.49,127,0.46,-26,0.17,7.93,0,1.67,38,6.89,0.18,19.43,4.2,0.3,28.7
"WQ","REF_7",2009-09-14,0.187,260,0,129,173,0,7.7,3.9,0.309,3.48,21.9,0.052,0.0304,0.89,86.9,0.39,183,0.13,7.73,0,1.22,53.2,15.24,0.1,15.31,4.1,13.6,6.6
"WQ","REF_7",2009-10-06,0.698,220,0,107,138,0,7.9,3.8,1.02,3.07,18.5,0.0543,0.0094,0.8,71.2,0,54,0.17,9,0,1.02,41.8,45.92,0.11,11.95,3.7,30.2,7.6
"WQ","REF_7",2009-12-07,1.34,250,-999999,124,172,0.11,12.75,3.4,1.95,2.42,23.2,0.111,0.0074,-999999,62.4,0.37,87,0.2,7.82,0,1.24,61.7,98.31,0.1,2.48,3.3,4.9,26.1
"WQ","REF_7",2010-02-01,0.278,250,0,129,243,0.41,14.26,1.9,0.309,1.94,25.2,0.015,0.0026,0.51,88.6,1.66,68,0.21,7.85,0,1.56,74.9,5.36,0.04,-0.01,2,9.4,37.6
"WQ","REF_7",2010-03-17,0.752,230,0,112,193,0.24,12.15,3.4,0.656,1.84,19.8,0.0322,0.0018,0.75,84.6,0.92,74,0.13,8.05,0,1.2,61.4,27.87,0.05,8.49,2.9,29.7,36.5
"WQ","REF_7",2010-04-01,0.864,260,0,125,190,0.12,11.66,2.8,0.896,1.76,21.5,0.035,0.0015,0.62,75,0.43,9,0.18,7.95,0,1.17,65.9,12.91,0.34,9.33,2.7,30.5,33.8
"WQ","REF_7",2010-05-25,-999999,260,0,-999999,222,0.25,8.83,3.3,-999999,-999999,-999999,-999999,-999999,0.86,-999999,1.06,148,0.39,7.89,0,1.33,67.3,71.64,0.1,17.07,3.2,51.1,-999999
"WQ","REF_7",2010-07-06,1.18,260,-999999,132,-999999,0.23,8.11,61.9,1.08,3.48,24.1,0.0922,0.048,0.61,75.8,-999999,279,0.29,7.76,-999999,1.36,-999999,31.97,0.18,20.2,61.6,22.3,0
"WQ","REF_7",2010-08-04,0.346,290,-999999,146,-999999,-999999,3.43,5.5,0.423,5.76,30.5,0.228,0.108,-999999,162,-999999,-300,-999999,9.9,-999999,1.96,-999999,9.09,-999999,23.53,5.5,34.7,0
"WQ","ROA",2005-04-19,0.13,280,0.1,134,182,0.09,11.27,9.8,0.155,3.9,23.3,0.0229,0.0146,0.34,106,0.48,309,0.11,8.19,0.31,1.28,138,3,0.1,13.65,16.4,5.2,0
"WQ","ROA",2005-05-26,1.08,280,0.1,128,125,0.45,9.85,18,0.963,3.62,22.2,0.0533,0.022,0.5,91.3,1.93,274,0.21,8.24,0.52,1.12,117,17.9,0.16,15.98,22,23,0
"WQ","ROA",2005-06-21,0.62,250,0.11,115,155,0.37,9.11,3.9,0.577,3.83,19.1,0.0287,0.0096,0.39,89.1,1.57,275,0.2,7.84,0.58,1.13,95.5,14.3,0.18,17.78,3.9,12.2,0
"WQ","ROA",2005-07-26,0.206,220,0.11,90.7,149,0.24,6.23,5.6,0.182,4.35,14.9,0.0638,0.0518,0.39,92.1,0.99,230,0.17,7.53,0.52,1.05,65.3,1.67,0.15,25.2,5.9,0,0
"WQ","ROA",2005-08-16,0,230,0.35,98.1,252,0.05,6.86,10,0.114,5.15,18.1,0.107,0.0818,0.39,145,0.22,189,0.14,7.77,0.42,1.42,62.9,1.67,0.12,22.05,15,15.6,0
"WQ","ROA",2005-09-22,0.266,200,0.06,82.8,182,0.17,9.01,11,0.257,3.84,13.3,0.0234,0.0167,0.28,102,0.44,224,0.2,7.77,0.64,1.08,55.3,6.9,0.19,19.22,13,6,12
"WQ","ROA",2005-10-31,0.146,220,0.07,90.1,147,0.13,8.49,12,0.139,3.61,14.3,0.0879,0.0548,0.24,105,0.55,265,0.17,7.32,0.58,1.08,69.2,1.67,0.15,7.34,16,5,0
"WQ","ROA",2006-02-09,0.081,260,0.07,129,155,0.56,14.24,8.9,0.093,2.11,21.9,0.0114,0.0069,0.2,100,2.48,266,0.09,7.87,0.25,1.27,101,1.67,0.09,0.39,16,3.8,13.6
"WQ","ROA",2006-03-20,0.125,260,0.07,128,112,0.47,13.33,9.9,0.178,2.57,21.9,0.0115,0.0056,0.32,75.3,1.94,273,0.09,7.73,0.35,1.04,105,5.4,0.08,4.21,11.8,4.8,12.4
"WQ","ROA",2006-05-09,0.102,290,0.1,122,123,2.93,8.49,17.5,0.112,2.69,22.4,0.0243,0.0267,0.27,73.7,1.29,278,0.18,7.94,0.41,1.14,114,1.67,0.16,12.59,18.1,3.7,15.3
"WQ","ROA",2006-06-06,0.395,250,0.07,94.9,117,0.04,11.14,11.1,0.353,2.82,17,0.0634,0.0529,0.34,66.5,0.32,152,0.21,7.98,0.57,0.97,80.3,9.7,0.17,16.01,14.9,3.6,14.1
"WQ","ROA",2006-07-10,0.073,240,0.25,96.1,170,0.01,5.91,5.8,0.107,4.89,20.4,0.171,0.103,0.43,112,0.29,248,0.27,7.63,0.85,1.15,38.8,1.67,0.24,19.46,17.6,1.7,14.1
"WQ","ROA",2006-08-08,0,240,0.29,84.8,138,0.01,5.72,8.6,0.124,4.97,14.8,0.321,0.358,1.17,92.9,0.68,231,0.36,8.02,0.83,1.03,38.2,1.67,0.3,23.16,16.4,0,12
"WQ","ROA",2006-09-05,0.127,200,0.19,82.2,135,0.16,7.38,18.6,0.155,3.78,13.4,0.152,0.135,0.48,87.8,0.69,155,0.17,7.82,0.5,0.55,64.2,0,0.17,17.75,24.2,2.3,30
"WQ","ROA",2006-10-16,0.129,240,0.06,92.6,132,0.08,9.5,17.9,0.162,3.94,16,0.122,0.11,0.86,77.9,0.29,336,0.3,7.94,0.5,0.97,71.3,0,0.19,9.72,21.5,7,45.2
"WQ","ROA",2006-11-13,0.095,250,0.06,106,76.9,0.26,-999999,22.7,0.123,3.7,18.2,0.0137,0.0086,0.26,50.3,0,-999999,0.21,-999999,0.52,-999999,77.9,0.7,0.23,-999999,25.7,-999999,60.9
"WQ","ROA",2006-12-05,0.137,270,0.05,116,75.1,0.49,14.7,17.5,0.157,2.89,19.6,0.015,0.0101,0.47,44.8,1.67,339,0.17,8.1,0.36,0.94,92.9,3.31,0.15,0.72,31,16.4,64.1
"WQ","ROA",2007-01-10,0.438,260,0.05,109,62.4,0.59,14.1,29.6,0.411,2.17,16.9,0.0182,0.0061,0.39,38.5,2.66,333,0.13,8.05,0.4,0.83,82.1,17.08,0.11,1.87,28.4,9.9,56.5
"WQ","ROA",2007-03-08,0.083,270,0.1,138,340,0.7,15.84,19.7,0.063,2.69,21.3,0.0071,0.0051,0.18,171,3.05,265,0.11,7.96,0.36,1.76,113,1.4,0.14,0.91,17.1,0,25.4
"WQ","ROA",2007-04-10,0,290,0.09,131,200,0,16.56,26.8,0,2.11,22.6,0.0061,0.0051,0.14,101,0.12,132,0.08,8.41,0.21,1.32,126,1.6,0.08,4.75,27.1,0,41.8
"WQ","ROA",2007-05-09,0.28,320,0.1,143,178,0.39,9.9,27.9,0.187,2.86,26,0.0413,0.0358,0.14,102,1.79,318,0.16,8.94,0.43,1.32,126,5.27,0.13,14.67,29.4,4.8,41
"WQ","ROA",2007-06-13,0.223,270,0.13,107,233,0.08,5.7,18.6,0.281,3.91,19,0.341,0.28,0.85,129,0.86,206,0.54,7.73,0.82,1.64,66.4,4.38,0.25,17.52,27.3,12,17.1
"WQ","ROA",2007-07-18,0.226,210,0.08,76.9,185,0.09,-999999,18,0.274,3.4,13.1,0.0937,0.0413,0.28,111,0.44,-999999,0.25,-999999,0.64,-999999,38.8,5.29,0.22,-999999,15,-999999,7.01
"WQ","ROA",2007-08-01,0.058,230,0.16,85.2,229,0.08,8.07,18.2,0.121,3.98,14.7,0.132,0.107,0.38,129,0.42,258,0.26,7.97,0.64,1.26,43,14.34,0.22,20.85,15.9,6.2,9.88
"WQ","ROA",2007-09-04,0.612,240,0.41,97.9,336,0,4,22.5,0.624,7.52,19,0.462,0.435,0.93,182,0.18,107,0.2,7.43,0.22,1.71,71.7,21.75,0.1,18.8,29.5,10.8,34.4
"WQ","ROA",2007-11-05,0.057,230,0.081,110,213,0.15,11.36,17.9,0.058,4.2,18,0.0364,0.0335,0.24,122,0.62,-194,0.07,7.61,0.46,1.36,118,9.98,0.1,8.13,17.9,2.3,45.6
"WQ","ROA",2008-02-11,0.155,220,0.057,111,221,1.31,12.99,3.6,0.13,2.27,16.5,0.0053,0.0024,0,121,5.62,177,0.13,8.54,0.37,1.16,88.7,-1.19,0.12,0.19,4.5,4.4,17.7
"WQ","ROA",2008-03-25,0.134,210,0.031,95.7,132,0.5,14.97,3.1,0.142,1.81,14.4,0.0063,0.0014,0.23,83.1,2.02,-187,0.13,7.88,0.26,0.99,77.8,1.23,0.11,3.48,3.2,2.8,18.9
"WQ","ROA",2008-04-16,0.089,240,0.071,104,112,0.09,13.77,3.4,0.047,1.79,17.6,0.004,0.0028,0.16,68.7,0.27,-156,0.09,8.02,0.18,0.64,92.6,-0.39,0.09,6.57,3.1,-0.1,6.4
"WQ","ROA",2008-06-09,0.475,240,0.054,97.6,82.6,0.56,8.17,3.8,0.585,3.7,15.6,0.0313,0.0136,0.26,67.5,2.54,-51,0.21,7.78,0.46,0.79,100,12.86,0.18,20.58,3.8,15.7,19.2
"WQ","ROA",2008-07-30,1.12,200,0.055,67,99.2,0.3,6.81,-999999,1.17,3.01,11.3,0.0923,0.0213,0,75.2,1.43,188,0.38,7.11,0.58,0.8,44.3,32.16,0.29,18.55,-999999,5.9,7
"WQ","ROA",2008-08-12,0.239,170,0.037,66,98.5,0.22,8.9,3.2,0.222,2.8,11.2,0.0257,0.02,0.23,68.4,1.15,309,0.21,7.62,0.52,0.74,54.6,3.61,0.19,19.62,3.2,4.3,0
"WQ","ROA",2008-09-17,0.114,190,-999999,70.5,-999999,0,9.27,4.4,0.16,5.17,13.7,0.0253,0.02,1.76,69.7,-999999,-20,2.03,7.63,-999999,0.8,-999999,22.64,0.28,16.82,4,4.7,9.3
"WQ","ROA",2008-10-15,1.16,190,0.071,76.4,151,0,6.6,4.1,1.77,4.68,13.9,0.197,0.0766,0.44,99.9,0.03,243,0.43,7.14,0.86,1,72,56.26,0.3,16.32,4.6,11.7,8.4
"WQ","ROA",2008-12-09,0,150,0.07,69.1,117,0.97,12.44,3.2,0.023,3.89,15.3,0.0117,0.0113,0.8,73.6,3.98,264,0.25,7.47,0.58,0.83,80.5,1.79,0.61,1.68,4.8,-2.4,0
"WQ","ROA",2009-01-26,0,150,0.1,80.1,270,0.68,16.74,1.9,0.017,3.16,19.9,0.0055,0.0048,0,145,3.33,-147,0.1,7.02,0.26,1.35,92,2.39,0.1,-0.07,1.8,-1.7,16.5
"WQ","ROA",2009-02-24,0,190,0.12,109,495,-999999,17.26,3.4,0.018,3.03,22.1,0.0052,0.005,0.3,269,2.69,180,0.06,-999999,0.19,2.18,102,0.4,0.06,-0.16,2.6,-0.1,20.1
"WQ","ROA",2009-03-17,0.099,200,0.086,78.3,237,0,15.16,4.3,0.122,3,17.4,0.0105,0.0063,-999999,140,0.1,276,-999999,10.2,0.22,1.29,97.5,2.06,-999999,13.47,3.5,1.2,15.2
"WQ","ROA",2009-04-27,0.161,220,0.11,92,140,0.36,11.91,3.8,0.193,2.52,17,0.0199,0.0116,0.61,79.1,0.96,315,0.13,8.02,0.45,1.01,88,3.47,0.14,17.72,3.7,3,24.6
"WQ","ROA",2009-05-21,0.157,240,0.067,101,114,0.54,8.77,3.3,0.146,3.06,17.9,0.0187,0.0129,0.53,81.5,2.17,122,0.18,6.89,0.51,0.9,81.1,2.14,0.17,19.33,3.6,5,0
"WQ","ROA",2009-06-09,0.414,200,0.067,76.6,113,0.36,6.59,5.1,0.4,3.19,14.9,0.0415,0.0263,0.52,78,1.76,107,0.22,8.73,0.61,0.9,60.3,12.52,0.18,19.68,4.7,8.8,16.3
"WQ","ROA",2009-07-16,0.107,210,0,78.1,133,0,6.07,3.8,0.123,3.29,15.2,0.0741,0.0665,0.44,77,0.55,105,0.22,7.7,0,0.95,53.8,6.8,0.19,19.65,3.4,13.6,0.02
"WQ","ROA",2009-09-14,0.042,180,0,76.5,120,0.1,8.85,2.7,0.087,3.47,14.3,0.0769,0.0728,0.74,89.5,0.68,165,0.21,8.03,0.48,0.95,77.4,2,0.19,15.84,2.7,3.7,0
"WQ","ROA",2009-10-06,0.049,190,0,75.4,91.5,0.22,8.83,3.7,0.088,3.32,14.2,0.0188,0.0148,0.49,78.3,1.18,51,0.22,9.22,0,0.85,70.4,2.82,0.21,11.74,3.5,1.8,7.3
"WQ","ROA",2009-12-07,0.108,290,0,124,113,0.21,13.89,4.2,0.08,3.16,22.9,0.0096,0.006,-999999,69.5,0.78,76,0.15,8.05,0,1.21,107,-2.43,0.14,2.23,3.9,-0.9,26.3
"WQ","ROA",2010-02-01,0.103,290,0,140,300,0.51,18.51,2.9,0.053,2.58,24.4,0.0109,0.0085,0.59,155,1.84,60,0.06,8.01,0,1.95,120,-1.64,0.08,0.19,2.9,-0.1,34.2
"WQ","ROA",2010-03-17,0.203,300,0,112,186,0.35,15.73,4,0.166,2.44,19,0.0262,0.0182,0.67,118,1.34,77,0.1,8.26,0,1.29,94,8.44,0.07,11.42,3.8,5.4,37.1
"WQ","ROA",2010-04-01,0.186,310,0,118,146,0.2,11.81,3.2,0.137,2.21,21,0.0149,0.0072,0.67,92.5,0.76,3,0.12,7.81,0,1.16,97,38.97,0.09,9.08,3.2,3.4,33.7
"WQ","ROA",2010-05-25,-999999,270,0,-999999,130,0.44,7.77,3.8,-999999,-999999,-999999,-999999,-999999,0.69,-999999,1.9,146,0.19,7.91,0.56,1.72,93.5,14,0.29,17.48,3.8,8.8,-999999
"WQ","ROA",2010-07-06,0.113,270,-999999,106,-999999,0,7,67.4,0.087,3.51,17.5,0.041,0.0319,0.55,81,-999999,272,0.22,7.82,-999999,1.17,-999999,6.14,0.2,20.63,68.4,1.5,0
"WQ","ROA",2010-08-04,0.091,280,-999999,98.6,-999999,-999999,0.36,4.4,0.209,3.81,15.2,1.37,1.28,-999999,104,-999999,361,-999999,6.07,-999999,1.25,-999999,1.99,-999999,23.29,4.3,0.4,0
"WQ","URB",2005-04-19,0.325,310,0.13,161,273,-999999,11.55,15.1,0.402,5,30.5,0.0298,0.0113,-999999,162,0.21,297,-999999,8.08,0.37,1.7,95.8,8,0.11,15.21,0,4.8,0
"WQ","URB",2005-05-26,0.116,320,0.15,157,261,0.48,8.18,20,0.154,4.5,30.8,0.0747,0.0665,0.32,161,2.01,285,0.18,7.99,0.61,0.74,160,1.67,0.18,15.26,26,2.8,0
"WQ","URB",2005-06-21,0.231,310,0.16,153,310,0.99,7.98,4.2,0.241,5.05,29.5,0.0756,0.0709,0.23,175,1.44,270,0.21,7.77,0.63,1.78,156,6,0.2,17.8,4.4,3.4,0
"WQ","URB",2005-07-26,0.157,290,0.16,126,326,0.23,4.23,13,0.199,6.09,23.5,0.25,0.237,1.29,199,0.68,199,0.22,7.44,0.92,1.82,113,12.8,0.23,24.6,15,2,0
"WQ","URB",2005-08-16,0.15,290,0.47,119,412,0.01,6.67,15,0.208,6.85,23,0.169,0.112,0.53,266,0.02,188,0.22,7.77,0.67,2.18,86.2,1.67,0.19,23,22,17.3,0
"WQ","URB",2005-09-22,0.134,260,0.12,94.6,282,0.1,6.13,17,0.175,5.36,18.2,0.128,0.124,0.51,198,0.36,226,0.35,7.7,1.05,1.63,37.8,1.67,0.33,18.6,20,2.5,15.9
"WQ","URB",2005-10-31,0.097,260,0.13,114,272,0.22,6.99,19,0.084,5.56,22.9,0.0355,0.0335,0.23,206,1,241,0.26,7.54,0.93,1.74,115,1.67,0.23,7.84,19,3.8,0
"WQ","URB",2006-02-09,0,280,0.1,155,233,0.26,12.79,9.6,0.033,2.5,32.3,0.0129,0.0105,0.23,133,1.13,248,0.09,7.73,0.24,1.52,161,1.67,0.06,0.65,19,2.9,15
"WQ","URB",2006-03-20,0.066,290,0.11,150,195,0.13,13.01,10.4,0.089,2.83,29.7,0.0176,0.0155,0.27,128,0.53,277,0.14,7.44,0.31,1.49,148,1.67,0.06,3.91,14.7,2.2,11.7
"WQ","URB",2006-05-09,0.122,330,0.12,146,200,0.28,6.89,20.2,0.151,3.33,28.7,0.0584,0.05,0.27,120,1.1,279,0.24,7.74,0.53,1.55,167,1.67,0.21,12.17,22.4,5,17
"WQ","URB",2006-06-06,0.164,330,0.13,130,254,0.14,5.22,13.6,0.14,4.16,26,0.0868,0.087,0.31,138,0.65,153,0.26,7.65,0.77,1.45,129,15.6,0.22,15.02,19.2,0,14.9
"WQ","URB",2006-07-10,0.04,270,0.16,106,330,0.01,3.22,7.3,0.106,6.28,26.5,0.287,0.31,0.47,210,0,-3,0.26,7.37,0.85,1.77,54.2,1.67,0.24,20.9,18.5,6.2,18.4
"WQ","URB",2006-08-08,0.073,310,0.13,112,302,0.16,2.63,13.2,0.407,6.08,21,0.936,0.884,1.18,199,0.06,266,0.63,7.68,1.44,1.74,55.8,1.67,0.51,24.01,17.7,0,16.3
"WQ","URB",2006-09-05,0.151,270,0.44,115,311,0.14,6.06,32.6,0.169,5.56,22.2,0.258,0.24,0.48,195,0.73,113,0.28,7.73,0.88,1.63,119,0,0.3,17.47,32.7,3.1,33.6
"WQ","URB",2006-10-16,0.231,280,0.38,118,249,0.04,7.36,17.4,0.213,4.97,23.8,0.087,0.0786,0.32,164,0.17,340,0.3,7.87,0.72,1.57,138,5.4,0.26,9,24.8,6,51.3
"WQ","URB",2006-11-13,0,320,0.12,142,144,4.23,8.75,25.8,0.07,3.9,29.3,0.0265,0.0239,0.4,93.3,0,338,0.21,7.91,0.66,1.34,157,0,0.22,7.48,30.4,1.6,74.6
"WQ","URB",2006-12-05,0.093,310,0.1,134,124,0.55,13.7,30,0.138,3.56,27.7,0.0261,0.0185,2.78,68.2,1.82,336,0.35,8.04,0.69,1.17,156,0,0.41,0.58,37.3,22.7,70.1
"WQ","URB",2007-01-10,0.135,290,0.07,128,105,0.38,13.2,35.2,0.137,2.33,22.7,0.013,0.0091,0.33,61.7,1.7,330,0.5,8.02,0.41,1.07,116,10.61,0.12,1.76,25.5,5,59.6
"WQ","URB",2007-03-08,0.041,290,0.13,171,513,0.4,14.73,21.6,0.044,3.34,30.8,0.0069,0.0056,0,265,1.59,262,0.09,7.86,0.25,2.48,158,0,0.09,1.17,24.3,0,36.5
"WQ","URB",2007-04-10,0,320,0.12,158,280,0.05,17.35,29.1,0,2.57,29.7,0.0123,0.0131,0,139,0.22,123,0.11,8.32,0.25,1.64,175,1.19,0.09,6.01,28.3,0.3,49.8
"WQ","URB",2007-05-09,0.192,350,0.14,174,245,0.35,9.04,30.6,0.131,3.35,32.3,0.056,0.0655,0.17,144,1.59,286,0.16,8.83,0.49,1.68,168,4.62,0.14,15,33,5.9,47.3
"WQ","URB",2007-06-13,0.443,320,0.17,135,433,0.2,3.68,27.3,0.481,5.48,26.2,0.843,0.843,0.52,230,0.36,166,0.31,7.69,1.28,2.1,71.6,8.16,0.47,18.4,21.3,7,21.4
"WQ","URB",2007-07-18,0.177,280,0.15,109,411,0.05,-999999,19.4,0.27,5.45,20.4,0.593,0.509,0.92,233,0.31,-999999,0.38,-999999,0.98,-999999,55.6,5.6,0.34,-999999,16.5,-999999,8.68
"WQ","URB",2007-08-01,0.363,310,0.16,118,490,0,5.28,18.5,0.626,5.86,22.1,1.37,1.28,0.58,266,0.15,227,0.44,7.91,0.91,2.26,54.2,14.34,0.34,22.82,20.3,7.4,13.4
"WQ","URB",2007-11-05,0.042,260,0.12,143,430,0.08,5.83,20,0.123,6.19,25.1,0.233,0.226,0.26,235,0.15,-203,0.12,7.17,0.55,2.25,209,4.74,0.11,7.44,13.6,1.6,40.9
"WQ","URB",2008-02-11,0.052,250,0.089,146,410,0.76,10.05,3,0.057,2.82,25.2,0.0112,0.0094,0.16,195,3.37,2,0.14,8.38,0.29,1.81,134,4,0.11,2.09,3.8,1.7,26.6
"WQ","URB",2008-03-25,0.035,250,0.065,120,242,0.36,15.26,3,0.052,2.18,19.5,0.0065,0.005,0.13,146,1.52,-208,0.11,7.79,0.26,1.45,106,-0.78,0.12,3.61,3.1,-0.4,19.6
"WQ","URB",2008-04-16,0.082,280,0.086,131,187,0.12,12.54,3.3,0.042,2.13,22.9,0.014,0.0139,0,113,0.46,-160,0.1,7.83,0.22,0.88,133,-1.16,0.09,6.27,3.4,-0.1,7.9
"WQ","URB",2008-06-09,0.321,300,0.11,129,175,0.25,6.84,4.9,0.341,4.16,22.8,0.0451,0.0346,0.17,130,1.19,-78,0.2,7.74,0.46,1.23,127,10.29,0.18,20.02,5.3,16.2,7.6
"WQ","URB",2008-07-30,0.628,280,0.11,94.6,274,0.05,3.43,-999999,0.752,4.26,17,0.823,0.789,0.62,185,0.33,184,0.49,7.06,1.04,1.51,56.6,6.55,0.37,18.86,-999999,8,7.5
"WQ","URB",2008-08-12,0.274,270,0.078,102,280,0.06,7.04,5.9,0.426,4.18,17.9,0.421,0.408,0.38,196,0.33,330,0.43,7.15,0.94,1.59,63.3,7.4,0.32,17.78,6.1,10.2,0
"WQ","URB",2008-09-17,0.078,100,-999999,50.7,-999999,0,1.59,11.6,0.533,7.23,15.1,2.4,2.37,-999999,61.7,-999999,-40,2.11,7.07,-999999,0.79,-999999,7.62,2,17.63,12.6,9.9,8.4
"WQ","URB",2008-10-15,0.211,280,0.16,112,334,0.32,4.1,7.1,0.665,7.07,24.2,1.82,1.82,2.75,218,0.8,263,0.59,7.07,1.12,1.78,90.6,19.13,0.45,16.35,7.3,6.4,14
"WQ","URB",2008-12-09,0.021,270,0.14,102,427,0.3,4.02,7.1,0.243,6.67,26.1,2.16,2.1,-999999,224,0.99,260,0.48,7.22,0.95,2,59.7,6.74,0.4,4.06,8.4,2.5,13.7
"WQ","URB",2009-01-26,0.331,230,0.18,170,652,0.69,-999999,4,0.534,4.39,35.4,0.174,0.141,0.58,364,3.35,-999999,0.3,-999999,0.15,-999999,222,89.39,0.08,-999999,5.2,-999999,39.1
"WQ","URB",2009-02-24,0,240,0.18,182,856,0.48,13.35,3.6,0.036,3.78,35.4,0.0661,0.0649,0.23,450,2.21,180,0.07,-999999,0.18,3.18,186,-0.39,0.06,-0.09,3.7,4,24.6
"WQ","URB",2009-03-17,0.09,280,0.15,144,508,0.03,15.3,5.6,0.135,3.65,29.3,0.0712,0.0652,-999999,277,0.18,293,-999999,7.96,0.22,2.49,185,3.6,-999999,9.74,4.3,3.5,20.4
"WQ","URB",2009-04-27,0.028,280,0.1,127,239,0.22,11.2,4.4,0.055,2.91,23.2,0.0699,0.0693,0.53,148,1.49,308,0.13,7.99,0.42,1.53,129,1.48,0.16,16.53,4.3,-0.6,21.4
"WQ","URB",2009-05-21,0.034,290,0.12,151,257,0.24,6.15,3.8,0.091,3.8,27,0.134,0.12,0.7,180,1.28,87,0.18,6.91,0.53,1.13,135,2.86,0.17,16.69,4.1,2.6,0
"WQ","URB",2009-06-09,0.097,310,0.13,134,348,0.19,5.01,5.1,0.184,4.41,25.5,0.324,0.331,0.77,228,0.28,21,0.26,7.78,0.42,1.91,52.8,1.96,0.21,19.64,5.3,1.7,23.7
"WQ","URB",2009-07-16,0.11,300,0.2,116,373,0,3.37,4.3,0.42,4.57,23.8,23.7,0.779,0.7,214,0.4,-116,0.49,7.84,0.64,1.88,59.9,7.33,0.38,20.74,4.2,5.8,25.2
"WQ","URB",2009-09-14,0.065,290,0,129,336,0.07,5.53,5.4,0.427,4.41,23.8,0.581,0.558,0.86,236,0.46,191,0.35,7.78,0.47,1.96,115,6.38,0.25,15.49,5.4,4.1,6.4
"WQ","URB",2009-10-06,0,290,0,130,249,0.18,7.85,5.2,0.173,3.76,24.3,0.198,0.187,0.73,176,0.85,41,0.25,9.19,0,-999999,123,2.01,0.19,11.41,5.4,-0.4,7.8
"WQ","URB",2009-12-07,0,330,0.21,166,206,0.07,10.14,12.6,0,3.25,34.6,0.02,0.0186,-999999,128,0.22,70,0.1,7.72,0,1.8,182,-6.47,0.33,3.04,11.9,-1.2,30.8
"WQ","URB",2010-02-01,0.103,340,0.22,175,472,0.59,14.08,2.8,0.043,2.91,33.3,0.0248,0.0233,0.6,256,2.33,59,0,7.6,0,2.72,168,-3.7,0,0.09,2.7,-0.9,49.9
"WQ","URB",2010-03-17,0.197,330,0,137,310,0.26,12.67,3.8,0.147,2.74,24.5,0.017,0.013,0.73,199,1.03,80,0.08,8,0,1.84,124,8.13,0.07,9.65,3.6,3.2,43
"WQ","URB",2010-04-01,0.22,340,0,141,238,0.24,10.76,3.3,0.173,2.5,24.7,0.0213,0.0161,0.64,151,0.92,3,0.15,7.33,0,1.57,130,12.92,0.1,9.12,3.2,4.7,37.9
"WQ","URB",2010-05-25,-999999,340,0,-999999,254,0.29,8.23,4.3,-999999,-999999,-999999,-999999,-999999,0.63,-999999,1.22,144,0.17,7.97,0.41,1.1,147,9.33,0.12,17.38,4.1,13.9,-999999
"WQ","URB",2010-07-06,0.238,350,-999999,139,-999999,0.23,6.66,83,0.371,4.52,26,0.225,0.177,0.73,181,-999999,252,0.29,7.83,-999999,1.91,-999999,-0.8,0.21,21.11,82.8,2.1,0
"WQ","URB",2010-08-04,0.104,330,-999999,130,-999999,-999999,2.23,5.9,0.267,5.05,23.4,0.327,0.354,-999999,282,-999999,308,-999999,7.74,-999999,2.45,-999999,-8.22,-999999,24.4,5.7,2.3,0
